Kompascom,Pikiranrakyat
kpu sudah melakukan rapat koordinasi rakor bimbingan teknis bintek sebagai bentuk persiapan httpstcojitcietj,kpu sudah melakukan rapat koordinasi rakor bimbingan teknis bintek sebagai bentuk persiapan httpstcojitcietj
jekek memiliki prioritas empat sektor pembangunan yakni kesehatan pendidikan sumber daya manusia sdm hingga su… httpstcouiebiay,jekek memiliki prioritas empat sektor pembangunan yakni kesehatan pendidikan sumber daya manusia sdm hingga su… httpstcouiebiay
sahbirin diusung koalisi partai golkar pan pdip pkb nasdem pks pkpi psi perindo pbb meraih … httpstcowfrazds,sahbirin diusung koalisi partai golkar pan pdip pkb nasdem pks pkpi psi perindo pbb meraih … httpstcowfrazds
meggy wulandari mengaku kaget setelah mengetahui mantan suaminya kiwil digugat cerai rohimah rohimah adalah… httpstcoyilymakf,meggy wulandari mengaku kaget setelah mengetahui mantan suaminya kiwil digugat cerai rohimah rohimah adalah… httpstcoyilymakf
menteri perdagangan agus suparmanto mengatakan kinerja neraca perdagangan indonesia november cukup berbe… httpstcoabfwcpaczp,menteri perdagangan agus suparmanto mengatakan kinerja neraca perdagangan indonesia november cukup berbe… httpstcoabfwcpaczp
rencana kami mencatat apa aja nih kirakira diamankan kata rijal httpstcosvowzoaoa,rencana kami mencatat apa aja nih kirakira diamankan kata rijal httpstcosvowzoaoa
asupan zat besi tidak adekuat bukan hanya dapat menyebabkan anemia anak tapi juga menurunnya fungsi otak… httpstcosqsokerxi,asupan zat besi tidak adekuat bukan hanya dapat menyebabkan anemia anak tapi juga menurunnya fungsi otak… httpstcosqsokerxi
lubang hitam supermasif paling mengerikan di pusat galaksi terbesar di alam semesta tibatiba menghilang astronom… httpstcoqeyeshx,lubang hitam supermasif paling mengerikan di pusat galaksi terbesar di alam semesta tibatiba menghilang astronom… httpstcoqeyeshx
peringatan dini bmkg gelombang tinggi di sejumlah perairan indonesia diperkirakan ketinggian gelombang menca… httpstcoacszwkaplp,peringatan dini bmkg gelombang tinggi di sejumlah perairan indonesia diperkirakan ketinggian gelombang menca… httpstcoacszwkaplp
mendapatkan hunian ini konsumen perlu merogoh kocek uang muka down payment atau dp sebesar rp juta httpstcoaitowkvo,mendapatkan hunian ini konsumen perlu merogoh kocek uang muka down payment atau dp sebesar rp juta httpstcoaitowkvo
iga mengatakan lagu bergenre pop rock itu diciptakan memotivasi anakanak muda meraih impian mereka httpstcogolqjpqhb,iga mengatakan lagu bergenre pop rock itu diciptakan memotivasi anakanak muda meraih impian mereka httpstcogolqjpqhb
hal pertama paling ia rasakan adalah pudarnya senioritas para penyanyi lama terhadap pendatang baru httpstcoxcwaswgp,hal pertama paling ia rasakan adalah pudarnya senioritas para penyanyi lama terhadap pendatang baru httpstcoxcwaswgp
ada batasan jam bagi para lansia ingin menggunakan krl commuterline httpstcobulnzpucgy,ada batasan jam bagi para lansia ingin menggunakan krl commuterline httpstcobulnzpucgy
awal januari ada festival catur daring bertajuk penabur online chess festival pocf httpstcoifmnmxelfl,awal januari ada festival catur daring bertajuk penabur online chess festival pocf httpstcoifmnmxelfl
ada beberapa jenis anjing memang dikenal memiliki kepribadian ramah sangat bersemangat httpstcoiypsvlvkwa,ada beberapa jenis anjing memang dikenal memiliki kepribadian ramah sangat bersemangat httpstcoiypsvlvkwa
dalam dua minggu depan epic games bakal menggratiskan game pc apa saja bagaimana cara klaimnya httpstcoanniojzjj,dalam dua minggu depan epic games bakal menggratiskan game pc apa saja bagaimana cara klaimnya httpstcoanniojzjj
lini iphone sudah bisa dibeli di tanah air berniat membelinya ada beberapa hal patut diketahui sebelum m… httpstcoywwdpxqvk,lini iphone sudah bisa dibeli di tanah air berniat membelinya ada beberapa hal patut diketahui sebelum m… httpstcoywwdpxqvk
unggahan narasi pertanyaan apakah truk tangki pertamina hanya membawa satu jenis bbm atau membawa jenis bbm… httpstcofufwgbbk,unggahan narasi pertanyaan apakah truk tangki pertamina hanya membawa satu jenis bbm atau membawa jenis bbm… httpstcofufwgbbk
penelitian ini mengungkapkan lima tanda atau gejala dapat digunakan sebagai indikator seseorang terinfeksi vir… httpstcolpzymsiifx,penelitian ini mengungkapkan lima tanda atau gejala dapat digunakan sebagai indikator seseorang terinfeksi vir… httpstcolpzymsiifx
tahun lalu seorang pedagang buah sayur kaki lima di tunisia berdiri di depan kantor pemerintah daerahn… httpstcobmhxwfdd,tahun lalu seorang pedagang buah sayur kaki lima di tunisia berdiri di depan kantor pemerintah daerahn… httpstcobmhxwfdd
seorang psk di bali mengaku diperas disetubuhi oknum polisi korban bersama kuasa hukumnya telah melapor pol… httpstcoubawijxnv,seorang psk di bali mengaku diperas disetubuhi oknum polisi korban bersama kuasa hukumnya telah melapor pol… httpstcoubawijxnv
moon ga young kemudian berteriak kencang lalu berlari meninggalkan cha eun woo httpstcorknkaxqn,moon ga young kemudian berteriak kencang lalu berlari meninggalkan cha eun woo httpstcorknkaxqn
meski menjadi tahanan rumah vanessa angel juga wajib mendapat bimbingan secara online httpstcocqitjdv,meski menjadi tahanan rumah vanessa angel juga wajib mendapat bimbingan secara online httpstcocqitjdv
penutupan itu sendiri rencananya diberlakukan efektif mulai sabtu hingga waktu belum ditentukan httpstcojavefdwf,penutupan itu sendiri rencananya diberlakukan efektif mulai sabtu hingga waktu belum ditentukan httpstcojavefdwf
cara membuat sushi dragon roll dari koki profesional httpstcokmcmwejlv,cara membuat sushi dragon roll dari koki profesional httpstcokmcmwejlv
kabid humas polda metro jaya kombes yusri yunus mengatakan setidaknya ada massa aksi diamankan polis… httpstcoxfodfestw,kabid humas polda metro jaya kombes yusri yunus mengatakan setidaknya ada massa aksi diamankan polis… httpstcoxfodfestw
bank mandiri menyerap rp triliun atau persen dari total penerbitan sun melalui mekanisme lelang sepanja… httpstcobnbgshdwc,bank mandiri menyerap rp triliun atau persen dari total penerbitan sun melalui mekanisme lelang sepanja… httpstcobnbgshdwc
semua fasilitas kesehatan melayani rapid test antigen wajib mengikuti aturan ditetapkan pemerintah httpstcodksjztrlsm,semua fasilitas kesehatan melayani rapid test antigen wajib mengikuti aturan ditetapkan pemerintah httpstcodksjztrlsm
setiap vaksin memiliki kriteria karakter tersendiri bagi penerimanya agar mendapat hasil efektif itulah p… httpstcoicklbljk,setiap vaksin memiliki kriteria karakter tersendiri bagi penerimanya agar mendapat hasil efektif itulah p… httpstcoicklbljk
menurutnya aturan wajib swab memang membuat perekonomian bisa merugi namun demikian kasus covid… httpstcognmonnntu,menurutnya aturan wajib swab memang membuat perekonomian bisa merugi namun demikian kasus covid… httpstcognmonnntu
rt kompasiana pergerakan feminisme dalam skena musik punk httpstcouqvargpf,rt kompasiana pergerakan feminisme dalam skena musik punk httpstcouqvargpf
rt kompasiana hal penting harus diperhatikan saat bertamu di jerman httpstcoiqdqmeixsx,rt kompasiana hal penting harus diperhatikan saat bertamu di jerman httpstcoiqdqmeixsx
rt kompasiana egolara httpstcolbgumgg,rt kompasiana egolara httpstcolbgumgg
rt kompasiana firmino remukkan parkir bus mourinho httpstcorouoaibxk,rt kompasiana firmino remukkan parkir bus mourinho httpstcorouoaibxk
berbeda dari buku pertama walk with me cetakan kedua menambahkan satu tambahan bab tentang topik mengenai kes… httpstcoxwokhdwr,berbeda dari buku pertama walk with me cetakan kedua menambahkan satu tambahan bab tentang topik mengenai kes… httpstcoxwokhdwr
vanessa angel keluar dari lapas pondok bambu jakarta timur jumat menjalani sisa hukumannya… httpstcoutnqyumd,vanessa angel keluar dari lapas pondok bambu jakarta timur jumat menjalani sisa hukumannya… httpstcoutnqyumd
kai commuter tak mengoperasikan kereta tambahan di malam pergantian tahun nanti httpstcowamjcd,kai commuter tak mengoperasikan kereta tambahan di malam pergantian tahun nanti httpstcowamjcd
hal tersebut sekolahsekolah guru atau pegawainya terpapar covid harus ditutup sementara melaku… httpstcorxsosqapu,hal tersebut sekolahsekolah guru atau pegawainya terpapar covid harus ditutup sementara melaku… httpstcorxsosqapu
sebelum dinyatakan positif covid nazhrul bersama pimpinan opd mengikuti rapat pembahasan kuappas di dprd bur… httpstcojhletlc,sebelum dinyatakan positif covid nazhrul bersama pimpinan opd mengikuti rapat pembahasan kuappas di dprd bur… httpstcojhletlc
ariza tak keberatan asal jalur ditempuh menyampaikan keberatan tersebut sesuai hukum berlaku httpstcofuebobzp,ariza tak keberatan asal jalur ditempuh menyampaikan keberatan tersebut sesuai hukum berlaku httpstcofuebobzp
namun perda tersebut digugat uji materi warga bernama happy hayati helmi perdavaksin vaksinasi denda httpstcopdxyaknzy,namun perda tersebut digugat uji materi warga bernama happy hayati helmi perdavaksin vaksinasi denda httpstcopdxyaknzy
adapun besaran dendanya paling besar rp juta perdavaksin vaksinasi denda httpstcojgigtenm,adapun besaran dendanya paling besar rp juta perdavaksin vaksinasi denda httpstcojgigtenm
perda nomor tahun tersebut mengatur beragam ketentuan penanganan covid termasuk sanksi bagi masyaraka… httpstcocutetcvfxc,perda nomor tahun tersebut mengatur beragam ketentuan penanganan covid termasuk sanksi bagi masyaraka… httpstcocutetcvfxc
wakil gubernur dki jakarta ahmad riza patria mengatakan siap memberi denda kepada masyarakat menolak vaksinasi… httpstcofzegagkx,wakil gubernur dki jakarta ahmad riza patria mengatakan siap memberi denda kepada masyarakat menolak vaksinasi… httpstcofzegagkx
pebasket naturalisasi berdarah indonesiafilipina ebrahim enguio lopez mengungkapkan isi hati setelah tak bisa ta… httpstcovnlzorewwh,pebasket naturalisasi berdarah indonesiafilipina ebrahim enguio lopez mengungkapkan isi hati setelah tak bisa ta… httpstcovnlzorewwh
tatalogam group meluncurkan dua produk baru yaitu rangka atap baja ringan taso premium genteng metal kusuka httpstcolnfnuuc,tatalogam group meluncurkan dua produk baru yaitu rangka atap baja ringan taso premium genteng metal kusuka httpstcolnfnuuc
terdapat ketentuan patut diperhatikan investor terkait transaksi surat berharga di bursa httpstcokpgjg,terdapat ketentuan patut diperhatikan investor terkait transaksi surat berharga di bursa httpstcokpgjg
metode memasak air fryer juga dapat mengurangi beberapa efek berbahaya lainnya dari menggoreng minyak … httpstcoutmvdn,metode memasak air fryer juga dapat mengurangi beberapa efek berbahaya lainnya dari menggoreng minyak … httpstcoutmvdn
saleh mengatakan pemerintah dapat mengajukan revisi uu kekarantinaan kesehatan dalam program legislasi nasional p… httpstcoryytrkj,saleh mengatakan pemerintah dapat mengajukan revisi uu kekarantinaan kesehatan dalam program legislasi nasional p… httpstcoryytrkj
dki jakarta terus memperbanyak pengetesan metode tes usap swab test dalam menangani pandemi covid httpstcodacwxof,dki jakarta terus memperbanyak pengetesan metode tes usap swab test dalam menangani pandemi covid httpstcodacwxof
